{
    "id": "dynamicviewer",
    "title": "Dynamic Viewer",
    "description": "Display a dynamic picture in picture element on a battlemap scene and creates matching Journal entries. This module is intended to be used in conjunction with the Beneos Battlemaps but will support a variety of both animated and non-animated maps.",
    "version": "1.0.1",
    "library": "false",
    "manifestPlusVersion": "1.0.0",
    "compatibility": {
        "minimum": 10,
        "verified": 10,
        "maximum": 11
    },
    "authors": [{
        "name": "Vestium",
        "url": "https://github.com/Vestium-R/DynamicViewer",
        "discord": "Vestium#8078"
    }],
    "relationships": {
        "systems": [],
        "requires": []
    },
    "esmodules": [
        "dynamicviewer.js"
    ],
    "styles": [
        "styles/module.css"
    ],
    "languages": [{
        "lang": "en",
        "name": "English",
        "path": "languages/en.json"
    }],
    "url": "https://github.com/SecretSquirrel77/dynamicviewer",
    "manifest": "https://raw.githubusercontent.com/SecretSquirrel77/dynamicviewer/main/module.json",
    "download": "https://raw.githubusercontent.com/SecretSquirrel77/dynamicviewer/main/DynamicViewer-main.zip",
    "license": "LICENSE",
    "readme": "README.md",
    "media": [{
        "type": "icon",
        "url": "https://avatars2.githubusercontent.com/u/71292812?s=400&u=ccdb4eeb7abf551ca8f314e5a9bfd0479a4d3d41&v=4"
    }]
}